command	api	sender
copy	Commands.Keyspace.copy	request/typed-decoder
del	Commands.Keyspace.del	request/typed-decoder
dump	Commands.Keyspace.dump	request/typed-decoder
exists	Commands.Keyspace.exists	request/typed-decoder
expire	Commands.Keyspace.expire	request/typed-decoder
expireat	Commands.Keyspace.expire_at	request/typed-decoder
expiretime	Commands.Keyspace.expire_time	request/typed-decoder
keys	Commands.Keyspace.keys	request/typed-decoder
migrate	Commands.Keyspace.migrate	request/typed-decoder
move	Commands.Keyspace.move	request/typed-decoder
object|encoding	Commands.Keyspace.object_encoding	request/typed-decoder
object|freq	Commands.Keyspace.object_freq	request/typed-decoder
object|idletime	Commands.Keyspace.object_idle_time	request/typed-decoder
object|refcount	Commands.Keyspace.object_ref_count	request/typed-decoder
persist	Commands.Keyspace.persist	request/typed-decoder
pexpire	Commands.Keyspace.pexpire	request/typed-decoder
pexpireat	Commands.Keyspace.pexpire_at	request/typed-decoder
pexpiretime	Commands.Keyspace.pexpire_time	request/typed-decoder
pttl	Commands.Keyspace.pttl	request/typed-decoder
randomkey	Commands.Keyspace.random_key	request/typed-decoder
rename	Commands.Keyspace.rename	request/typed-decoder
renamenx	Commands.Keyspace.rename_nx	request/typed-decoder
restore	Commands.Keyspace.restore	request/typed-decoder
scan	Commands.Keyspace.scan	request/typed-decoder
sort	Commands.Keyspace.sort	request/typed-decoder
sort_ro	Commands.Keyspace.sort_ro	request/typed-decoder
touch	Commands.Keyspace.touch	request/typed-decoder
ttl	Commands.Keyspace.ttl	request/typed-decoder
type	Commands.Keyspace.key_type	request/typed-decoder
unlink	Commands.Keyspace.unlink	request/typed-decoder
wait	Commands.Keyspace.wait	request/typed-decoder
waitaof	Commands.Keyspace.wait_aof	request/typed-decoder
append	Commands.Strings.append	request/typed-decoder
decr	Commands.Strings.decr	request/typed-decoder
decrby	Commands.Strings.decr_by	request/typed-decoder
delex	Commands.Strings.delex	request/typed-decoder
digest	Commands.Strings.digest	request/typed-decoder
get	Commands.Strings.get	request/typed-decoder
getdel	Commands.Strings.get_del	request/typed-decoder
getex	Commands.Strings.get_ex	request/typed-decoder
getrange	Commands.Strings.get_range	request/typed-decoder
getset	Commands.Strings.get_set	request/typed-decoder
incr	Commands.Strings.incr	request/typed-decoder
incrby	Commands.Strings.incr_by	request/typed-decoder
incrbyfloat	Commands.Strings.incr_by_float	request/typed-decoder
increx	Commands.Strings.incr_ex	request/typed-decoder
lcs	Commands.Strings.lcs	request/typed-decoder
mget	Commands.Strings.mget	request/typed-decoder
mset	Commands.Strings.mset	request/typed-decoder
msetex	Commands.Strings.mset_ex	request/typed-decoder
msetnx	Commands.Strings.mset_nx	request/typed-decoder
psetex	Commands.Strings.pset_ex	request/typed-decoder
set	Commands.Strings.set	request/typed-decoder
setex	Commands.Strings.set_ex	request/typed-decoder
setnx	Commands.Strings.set_nx	request/typed-decoder
setrange	Commands.Strings.set_range	request/typed-decoder
strlen	Commands.Strings.str_len	request/typed-decoder
substr	Commands.Strings.substr	request/typed-decoder
hdel	Commands.Hashes.hdel	request/typed-decoder
hexists	Commands.Hashes.hexists	request/typed-decoder
hexpire	Commands.Hashes.hexpire	request/typed-decoder
hexpireat	Commands.Hashes.hexpire_at	request/typed-decoder
hexpiretime	Commands.Hashes.hexpire_time	request/typed-decoder
hget	Commands.Hashes.hget	request/typed-decoder
hgetall	Commands.Hashes.hget_all	request/typed-decoder
hgetdel	Commands.Hashes.hget_del	request/typed-decoder
hgetex	Commands.Hashes.hget_ex	request/typed-decoder
himport|discard	Commands.Hashes.himport_discard	request/typed-decoder
himport|discardall	Commands.Hashes.himport_discard_all	request/typed-decoder
himport|prepare	Commands.Hashes.himport_prepare	request/typed-decoder
himport|set	Commands.Hashes.himport_set	request/typed-decoder
hincrby	Commands.Hashes.hincr_by	request/typed-decoder
hincrbyfloat	Commands.Hashes.hincr_by_float	request/typed-decoder
hkeys	Commands.Hashes.hkeys	request/typed-decoder
hlen	Commands.Hashes.hlen	request/typed-decoder
hmget	Commands.Hashes.hmget	request/typed-decoder
hmset	Commands.Hashes.hmset	request/typed-decoder
hpersist	Commands.Hashes.hpersist	request/typed-decoder
hpexpire	Commands.Hashes.hpexpire	request/typed-decoder
hpexpireat	Commands.Hashes.hpexpire_at	request/typed-decoder
hpexpiretime	Commands.Hashes.hpexpire_time	request/typed-decoder
hpttl	Commands.Hashes.hpttl	request/typed-decoder
hrandfield	Commands.Hashes.hrand_field	request/typed-decoder
hscan	Commands.Hashes.hscan	request/typed-decoder
hset	Commands.Hashes.hset	request/typed-decoder
hsetex	Commands.Hashes.hset_ex	request/typed-decoder
hsetnx	Commands.Hashes.hset_nx	request/typed-decoder
hstrlen	Commands.Hashes.hstrlen	request/typed-decoder
httl	Commands.Hashes.httl	request/typed-decoder
hvals	Commands.Hashes.hvals	request/typed-decoder
blmove	Commands.Lists.blmove	request/typed-decoder
blmovem	Commands.Lists.blmove_m	request/typed-decoder
blmpop	Commands.Lists.blmpop	request/typed-decoder
blpop	Commands.Lists.blpop	request/typed-decoder
brpop	Commands.Lists.brpop	request/typed-decoder
brpoplpush	Commands.Lists.brpop_lpush	request/typed-decoder
lindex	Commands.Lists.lindex	request/typed-decoder
linsert	Commands.Lists.linsert	request/typed-decoder
llen	Commands.Lists.llen	request/typed-decoder
lmove	Commands.Lists.lmove	request/typed-decoder
lmovem	Commands.Lists.lmove_m	request/typed-decoder
lmpop	Commands.Lists.lmpop	request/typed-decoder
lpop	Commands.Lists.lpop	request/typed-decoder
lpos	Commands.Lists.lpos	request/typed-decoder
lpush	Commands.Lists.lpush	request/typed-decoder
lpushx	Commands.Lists.lpush_x	request/typed-decoder
lrange	Commands.Lists.lrange	request/typed-decoder
lrem	Commands.Lists.lrem	request/typed-decoder
lset	Commands.Lists.lset	request/typed-decoder
ltrim	Commands.Lists.ltrim	request/typed-decoder
rpop	Commands.Lists.rpop	request/typed-decoder
rpoplpush	Commands.Lists.rpop_lpush	request/typed-decoder
rpush	Commands.Lists.rpush	request/typed-decoder
rpushx	Commands.Lists.rpush_x	request/typed-decoder
sadd	Commands.Sets.sadd	request/typed-decoder
scard	Commands.Sets.scard	request/typed-decoder
sdiff	Commands.Sets.sdiff	request/typed-decoder
sdiffcard	Commands.Sets.sdiff_card	request/typed-decoder
sdiffstore	Commands.Sets.sdiff_store	request/typed-decoder
sinter	Commands.Sets.sinter	request/typed-decoder
sintercard	Commands.Sets.sinter_card	request/typed-decoder
sinterstore	Commands.Sets.sinter_store	request/typed-decoder
sismember	Commands.Sets.sis_member	request/typed-decoder
smembers	Commands.Sets.smembers	request/typed-decoder
smismember	Commands.Sets.smis_member	request/typed-decoder
smove	Commands.Sets.smove	request/typed-decoder
spop	Commands.Sets.spop	request/typed-decoder
srandmember	Commands.Sets.srand_member	request/typed-decoder
srem	Commands.Sets.srem	request/typed-decoder
sscan	Commands.Sets.sscan	request/typed-decoder
sunion	Commands.Sets.sunion	request/typed-decoder
sunioncard	Commands.Sets.sunion_card	request/typed-decoder
sunionstore	Commands.Sets.sunion_store	request/typed-decoder
bzmpop	Commands.SortedSets.bzmpop	request/typed-decoder
bzpopmax	Commands.SortedSets.bzpop_max	request/typed-decoder
bzpopmin	Commands.SortedSets.bzpop_min	request/typed-decoder
zadd	Commands.SortedSets.zadd	request/typed-decoder
zcard	Commands.SortedSets.zcard	request/typed-decoder
zcount	Commands.SortedSets.zcount	request/typed-decoder
zdiff	Commands.SortedSets.zdiff	request/typed-decoder
zdiffstore	Commands.SortedSets.zdiff_store	request/typed-decoder
zincrby	Commands.SortedSets.zincr_by	request/typed-decoder
zinter	Commands.SortedSets.zinter	request/typed-decoder
zintercard	Commands.SortedSets.zinter_card	request/typed-decoder
zinterstore	Commands.SortedSets.zinter_store	request/typed-decoder
zlexcount	Commands.SortedSets.zlex_count	request/typed-decoder
zmpop	Commands.SortedSets.zmpop	request/typed-decoder
zmscore	Commands.SortedSets.zmscore	request/typed-decoder
zpopmax	Commands.SortedSets.zpop_max	request/typed-decoder
zpopmin	Commands.SortedSets.zpop_min	request/typed-decoder
zrandmember	Commands.SortedSets.zrand_member	request/typed-decoder
zrange	Commands.SortedSets.zrange	request/typed-decoder
zrangebylex	Commands.SortedSets.zrange_by_lex	request/typed-decoder
zrangebyscore	Commands.SortedSets.zrange_by_score	request/typed-decoder
zrangestore	Commands.SortedSets.zrange_store	request/typed-decoder
zrank	Commands.SortedSets.zrank	request/typed-decoder
zrem	Commands.SortedSets.zrem	request/typed-decoder
zremrangebylex	Commands.SortedSets.zrem_range_by_lex	request/typed-decoder
zremrangebyrank	Commands.SortedSets.zrem_range_by_rank	request/typed-decoder
zremrangebyscore	Commands.SortedSets.zrem_range_by_score	request/typed-decoder
zrevrange	Commands.SortedSets.zrev_range	request/typed-decoder
zrevrangebylex	Commands.SortedSets.zrev_range_by_lex	request/typed-decoder
zrevrangebyscore	Commands.SortedSets.zrev_range_by_score	request/typed-decoder
zrevrank	Commands.SortedSets.zrev_rank	request/typed-decoder
zscan	Commands.SortedSets.zscan	request/typed-decoder
zscore	Commands.SortedSets.zscore	request/typed-decoder
zunion	Commands.SortedSets.zunion	request/typed-decoder
zunionstore	Commands.SortedSets.zunion_store	request/typed-decoder
xack	Commands.Streams.xack	request/typed-decoder
xackdel	Commands.Streams.xack_del	request/typed-decoder
xadd	Commands.Streams.xadd	request/typed-decoder
xautoclaim	Commands.Streams.xauto_claim	request/typed-decoder
xcfgset	Commands.Streams.xcfg_set	request/typed-decoder
xclaim	Commands.Streams.xclaim	request/typed-decoder
xdel	Commands.Streams.xdel	request/typed-decoder
xdelex	Commands.Streams.xdel_ex	request/typed-decoder
xgroup|create	Commands.Streams.xgroup_create	request/typed-decoder
xgroup|createconsumer	Commands.Streams.xgroup_create_consumer	request/typed-decoder
xgroup|delconsumer	Commands.Streams.xgroup_del_consumer	request/typed-decoder
xgroup|destroy	Commands.Streams.xgroup_destroy	request/typed-decoder
xgroup|setid	Commands.Streams.xgroup_set_id	request/typed-decoder
xinfo|consumers	Commands.Streams.xinfo_consumers	request/custom-decoder
xinfo|groups	Commands.Streams.xinfo_groups	request/custom-decoder
xinfo|stream	Commands.Streams.xinfo_stream	request/custom-decoder
xlen	Commands.Streams.xlen	request/typed-decoder
xnack	Commands.Streams.xnack	request/typed-decoder
xpending	Commands.Streams.xpending	request/typed-decoder
xrange	Commands.Streams.xrange	request/typed-decoder
xread	Commands.Streams.xread	request/typed-decoder
xreadgroup	Commands.Streams.xread_group	request/typed-decoder
xrevrange	Commands.Streams.xrev_range	request/typed-decoder
xtrim	Commands.Streams.xtrim	request/typed-decoder
bitcount	Commands.Bitmaps.bit_count	request/typed-decoder
bitfield	Commands.Bitmaps.bit_field	request/typed-decoder
bitfield_ro	Commands.Bitmaps.bit_field_ro	request/typed-decoder
bitop	Commands.Bitmaps.bit_op	request/typed-decoder
bitpos	Commands.Bitmaps.bit_pos	request/typed-decoder
getbit	Commands.Bitmaps.get_bit	request/typed-decoder
setbit	Commands.Bitmaps.set_bit	request/typed-decoder
pfadd	Commands.HyperLogLog.pf_add	request/typed-decoder
pfcount	Commands.HyperLogLog.pf_count	request/typed-decoder
pfmerge	Commands.HyperLogLog.pf_merge	request/typed-decoder
geoadd	Commands.Geo.geo_add	request/typed-decoder
geodist	Commands.Geo.geo_dist	request/typed-decoder
geohash	Commands.Geo.geo_hash	request/typed-decoder
geopos	Commands.Geo.geo_pos	request/typed-decoder
georadius	Commands.Geo.geo_radius	request/typed-decoder
georadius_ro	Commands.Geo.geo_radius_ro	request/typed-decoder
georadiusbymember	Commands.Geo.geo_radius_by_member	request/typed-decoder
georadiusbymember_ro	Commands.Geo.geo_radius_by_member_ro	request/typed-decoder
geosearch	Commands.Geo.geo_search	request/typed-decoder
geosearchstore	Commands.Geo.geo_search_store	request/typed-decoder
arcount	Commands.Arrays.arcount	request/typed-decoder
ardel	Commands.Arrays.ardel	request/typed-decoder
ardelrange	Commands.Arrays.ardel_range	request/typed-decoder
arget	Commands.Arrays.arget	request/typed-decoder
argetrange	Commands.Arrays.arget_range	request/typed-decoder
argrep	Commands.Arrays.argrep	request/typed-decoder
arinfo	Commands.Arrays.arinfo	request/custom-decoder
arinsert	Commands.Arrays.arinsert	request/typed-decoder
arlastitems	Commands.Arrays.arlast_items	request/typed-decoder
arlen	Commands.Arrays.arlen	request/typed-decoder
armget	Commands.Arrays.armget	request/typed-decoder
armset	Commands.Arrays.armset	request/typed-decoder
arnext	Commands.Arrays.arnext	request/typed-decoder
arop	Commands.Arrays.arop	request/typed-decoder
arring	Commands.Arrays.arring	request/typed-decoder
arscan	Commands.Arrays.arscan	request/typed-decoder
arseek	Commands.Arrays.arseek	request/typed-decoder
arset	Commands.Arrays.arset	request/typed-decoder
vadd	Commands.VectorSets.vadd	request/typed-decoder
vcard	Commands.VectorSets.vcard	request/typed-decoder
vdim	Commands.VectorSets.vdim	request/typed-decoder
vemb	Commands.VectorSets.vemb	request/typed-decoder
vgetattr	Commands.VectorSets.vget_attr	request/typed-decoder
vinfo	Commands.VectorSets.vinfo	request/custom-decoder
vismember	Commands.VectorSets.vis_member	request/typed-decoder
vlinks	Commands.VectorSets.vlinks	request/typed-decoder
vrandmember	Commands.VectorSets.vrand_member	request/typed-decoder
vrange	Commands.VectorSets.vrange	request/typed-decoder
vrem	Commands.VectorSets.vrem	request/typed-decoder
vsetattr	Commands.VectorSets.vset_attr	request/typed-decoder
vsim	Commands.VectorSets.vsim	request/typed-decoder
asking	Commands.Cluster.asking	request/typed-decoder
cluster|addslots	Commands.Cluster.add_slots	request/typed-decoder
cluster|addslotsrange	Commands.Cluster.add_slots_range	request/typed-decoder
cluster|bumpepoch	Commands.Cluster.bump_epoch	request/typed-decoder
cluster|count-failure-reports	Commands.Cluster.count_failure_reports	request/typed-decoder
cluster|countkeysinslot	Commands.Cluster.count_keys_in_slot	request/typed-decoder
cluster|delslots	Commands.Cluster.del_slots	request/typed-decoder
cluster|delslotsrange	Commands.Cluster.del_slots_range	request/typed-decoder
cluster|failover	Commands.Cluster.failover	request/typed-decoder
cluster|flushslots	Commands.Cluster.flush_slots	request/typed-decoder
cluster|forget	Commands.Cluster.forget	request/typed-decoder
cluster|getkeysinslot	Commands.Cluster.get_keys_in_slot	request/typed-decoder
cluster|info	Commands.Cluster.info	request/typed-decoder
cluster|keyslot	Commands.Cluster.key_slot	request/typed-decoder
cluster|links	Commands.Cluster.links	request/custom-decoder
cluster|meet	Commands.Cluster.meet	request/typed-decoder
cluster|migration	Commands.Cluster.migration	request/custom-decoder
cluster|myid	Commands.Cluster.my_id	request/typed-decoder
cluster|myshardid	Commands.Cluster.my_shard_id	request/typed-decoder
cluster|nodes	Commands.Cluster.nodes	request/typed-decoder
cluster|replicas	Commands.Cluster.replicas	request/typed-decoder
cluster|replicate	Commands.Cluster.replicate	request/typed-decoder
cluster|reset	Commands.Cluster.reset	request/typed-decoder
cluster|saveconfig	Commands.Cluster.save_config	request/typed-decoder
cluster|set-config-epoch	Commands.Cluster.set_config_epoch	request/typed-decoder
cluster|setslot	Commands.Cluster.set_slot	request/typed-decoder
cluster|shards	Commands.Cluster.shards	request/custom-decoder
cluster|slaves	Commands.Cluster.slaves	request/typed-decoder
cluster|slot-stats	Commands.Cluster.slot_stats	request/custom-decoder
cluster|slots	Commands.Cluster.slots	request/custom-decoder
readonly	Commands.Cluster.read_only	request/typed-decoder
readwrite	Commands.Cluster.read_write	request/typed-decoder
auth	Commands.Session.auth	request/typed-decoder
client|caching	Commands.Session.client_caching	request/typed-decoder
client|getname	Commands.Session.client_get_name	request/typed-decoder
client|getredir	Commands.Session.client_get_redir	request/typed-decoder
client|id	Commands.Session.client_id	request/typed-decoder
client|info	Commands.Session.client_info	request/typed-decoder
client|kill	Commands.Session.client_kill	encoding-only
client|list	Commands.Session.client_list	request/typed-decoder
client|no-evict	Commands.Session.client_no_evict	request/typed-decoder
client|no-touch	Commands.Session.client_no_touch	request/typed-decoder
client|pause	Commands.Session.client_pause	request/typed-decoder
client|reply	Commands.Session.client_reply	encoding-only
client|setinfo	Commands.Session.client_set_info	request/typed-decoder
client|setname	Commands.Session.client_set_name	request/typed-decoder
client|tracking	Commands.Session.client_tracking	encoding-only
client|trackinginfo	Commands.Session.client_tracking_info	request/typed-decoder
client|unblock	Commands.Session.client_unblock	request/typed-decoder
client|unpause	Commands.Session.client_unpause	request/typed-decoder
echo	Commands.Session.echo	request/typed-decoder
hello	Commands.Session.hello	encoding-only
ping	Commands.Session.ping	request/typed-decoder
quit	Commands.Session.quit	encoding-only
reset	Commands.Session.reset	encoding-only
select	Commands.Session.select	request/typed-decoder
psubscribe	Commands.PubSub.psubscribe	encoding-only
publish	Commands.PubSub.publish	request/typed-decoder
pubsub|channels	Commands.PubSub.pubsub_channels	request/typed-decoder
pubsub|numpat	Commands.PubSub.pubsub_num_pat	request/typed-decoder
pubsub|numsub	Commands.PubSub.pubsub_num_sub	request/typed-decoder
pubsub|shardchannels	Commands.PubSub.pubsub_shard_channels	request/typed-decoder
pubsub|shardnumsub	Commands.PubSub.pubsub_shard_num_sub	request/typed-decoder
punsubscribe	Commands.PubSub.punsubscribe	encoding-only
spublish	Commands.PubSub.spublish	request/typed-decoder
ssubscribe	Commands.PubSub.ssubscribe	encoding-only
subscribe	Commands.PubSub.subscribe	encoding-only
sunsubscribe	Commands.PubSub.sunsubscribe	encoding-only
unsubscribe	Commands.PubSub.unsubscribe	encoding-only
eval	Commands.Scripting.eval	request/custom-decoder
eval_ro	Commands.Scripting.eval_ro	request/custom-decoder
evalsha	Commands.Scripting.eval_sha	request/custom-decoder
evalsha_ro	Commands.Scripting.eval_sha_ro	request/custom-decoder
fcall	Commands.Scripting.fcall	request/custom-decoder
fcall_ro	Commands.Scripting.fcall_ro	request/custom-decoder
function|delete	Commands.Scripting.function_delete	request/typed-decoder
function|dump	Commands.Scripting.function_dump	request/typed-decoder
function|flush	Commands.Scripting.function_flush	request/typed-decoder
function|kill	Commands.Scripting.function_kill	request/typed-decoder
function|list	Commands.Scripting.function_list	request/custom-decoder
function|load	Commands.Scripting.function_load	request/typed-decoder
function|restore	Commands.Scripting.function_restore	request/typed-decoder
function|stats	Commands.Scripting.function_stats	request/custom-decoder
script|debug	Commands.Scripting.script_debug	encoding-only
script|exists	Commands.Scripting.script_exists	request/typed-decoder
script|flush	Commands.Scripting.script_flush	request/typed-decoder
script|kill	Commands.Scripting.script_kill	request/typed-decoder
script|load	Commands.Scripting.script_load	request/typed-decoder
acl|cat	Commands.Server.acl_cat	request/typed-decoder
acl|deluser	Commands.Server.acl_del_user	request/typed-decoder
acl|dryrun	Commands.Server.acl_dry_run	request/typed-decoder
acl|genpass	Commands.Server.acl_gen_pass	request/typed-decoder
acl|getuser	Commands.Server.acl_get_user	request/custom-decoder
acl|list	Commands.Server.acl_list	request/typed-decoder
acl|load	Commands.Server.acl_load	request/typed-decoder
acl|log	Commands.Server.acl_log	request/typed-decoder
acl|save	Commands.Server.acl_save	request/typed-decoder
acl|setuser	Commands.Server.acl_set_user	request/typed-decoder
acl|users	Commands.Server.acl_users	request/typed-decoder
acl|whoami	Commands.Server.acl_who_am_i	request/typed-decoder
backup|abort	Commands.Server.backup_abort	request/typed-decoder
backup|cleanup	Commands.Server.backup_cleanup	request/typed-decoder
backup|list	Commands.Server.backup_list	request/custom-decoder
backup|seal	Commands.Server.backup_seal	request/typed-decoder
backup|start	Commands.Server.backup_start	request/typed-decoder
backup|status	Commands.Server.backup_status	request/custom-decoder
bgrewriteaof	Commands.Server.bgrewrite_aof	request/typed-decoder
bgsave	Commands.Server.bgsave	request/typed-decoder
command	Commands.Server.command	request/custom-decoder
command|count	Commands.Server.command_count	request/typed-decoder
command|docs	Commands.Server.command_docs	request/custom-decoder
command|getkeys	Commands.Server.command_get_keys	request/typed-decoder
command|getkeysandflags	Commands.Server.command_get_keys_and_flags	request/custom-decoder
command|info	Commands.Server.command_info	request/custom-decoder
command|list	Commands.Server.command_list	request/typed-decoder
config|get	Commands.Server.config_get	request/typed-decoder
config|resetstat	Commands.Server.config_reset_stat	request/typed-decoder
config|rewrite	Commands.Server.config_rewrite	request/typed-decoder
config|set	Commands.Server.config_set	request/typed-decoder
dbsize	Commands.Server.dbsize	request/typed-decoder
failover	Commands.Server.failover	request/typed-decoder
flushall	Commands.Server.flush_all	request/typed-decoder
flushdb	Commands.Server.flush_db	request/typed-decoder
hotkeys|get	Commands.Server.hotkeys_get	request/custom-decoder
hotkeys|reset	Commands.Server.hotkeys_reset	request/typed-decoder
hotkeys|start	Commands.Server.hotkeys_start	request/typed-decoder
hotkeys|stop	Commands.Server.hotkeys_stop	request/typed-decoder
info	Commands.Server.info	request/typed-decoder
lastsave	Commands.Server.last_save	request/typed-decoder
latency|doctor	Commands.Server.latency_doctor	request/typed-decoder
latency|graph	Commands.Server.latency_graph	request/typed-decoder
latency|histogram	Commands.Server.latency_histogram	request/custom-decoder
latency|history	Commands.Server.latency_history	request/typed-decoder
latency|latest	Commands.Server.latency_latest	request/typed-decoder
latency|reset	Commands.Server.latency_reset	request/typed-decoder
lolwut	Commands.Server.lolwut	request/typed-decoder
memory|doctor	Commands.Server.memory_doctor	request/typed-decoder
memory|malloc-stats	Commands.Server.memory_malloc_stats	request/typed-decoder
memory|purge	Commands.Server.memory_purge	request/typed-decoder
memory|stats	Commands.Server.memory_stats	request/custom-decoder
memory|usage	Commands.Server.memory_usage	request/typed-decoder
module|list	Commands.Server.module_list	request/custom-decoder
module|load	Commands.Server.module_load	request/typed-decoder
module|loadex	Commands.Server.module_load_ex	request/typed-decoder
module|unload	Commands.Server.module_unload	request/typed-decoder
monitor	Commands.Server.monitor	encoding-only
replicaof	Commands.Server.replica_of	request/typed-decoder
role	Commands.Server.role	request/custom-decoder
save	Commands.Server.save	request/typed-decoder
shutdown	Commands.Server.shutdown	encoding-only
slaveof	Commands.Server.slave_of	request/typed-decoder
slowlog|get	Commands.Server.slowlog_get	request/custom-decoder
slowlog|len	Commands.Server.slowlog_len	request/typed-decoder
slowlog|reset	Commands.Server.slowlog_reset	request/typed-decoder
swapdb	Commands.Server.swap_db	request/typed-decoder
time	Commands.Server.time	request/typed-decoder
trimslots	Commands.Server.trim_slots	request/typed-decoder
discard	Commands.Transactions.discard	request/typed-decoder
exec	Commands.Transactions.exec	request/typed-decoder
multi	Commands.Transactions.multi	request/typed-decoder
unwatch	Commands.Transactions.unwatch	request/typed-decoder
watch	Commands.Transactions.watch	request/typed-decoder
